brand,name,seller,reviw_rating_number,review_amount,old_money,new_money
,Bomba Mercedes 12 Bar ,,4.9,(9),259,220
,Kit Bomba Combustivel Flex Sistema Bosch,,4.1,(8),123,30
,Bomba Combustível Original Cg160 Titan Fan Flex 2015 2016,,,,269,215
,Bomba Alta Pressão Combustível Mercedes A200 Gla200 Glb200,,,,5.599,559
,Garrafa Co2 Booster Controller Completa + Suporte,,,,1.160,1.102
,Bomba Combustível Amarok 2.0 2011 2012 20132014 2015 16 2017,,4.9,(19),972,923
,Bomba Combustível Nissan Kicks March Versa 170409lh1b,,4.0,(3),549,521
,Engate Rapido Conexao T Do Filtro Combustivel Gol Voyage G5,,,,39,3
,Bomba De Combustível Idea Palio Punto Siena 1.4 1.8 05,,,,450,405
,50004900 Módulo De Combustível Uno Spi 94 A 98 Vp044,,,,450,396
,Refil Bomba De Combustivel Mercedes C180 1.6 2013 A 2014,,,,755,72
,Bomba Combustivel Stilo 1.8 Mpi 8v Flex 2005 A 2010 S/ Refil,,,,371,53
,Bomba Elétrica Gol Gti Santana Calibra Kadett 0580464070,,,,215,35
,Bomba De Combustível Volkswagen Tiguan Allspace 2018 A 2021,Por Audi ,5.0,(1),2.980,286
,Bomba De Combustível Polo Virtus 1.0 1.6 2018 19 20 21 22 23,Por Injetec Parts ,,,489,54
,Bomba Combustível Gasolina Flex  Etios 1.3 16v 1.5 16v,,5.0,(1),275,253
,Bomba Combustível Mercedes Ml280 Ml320 Ml350 Gl A1644702094,,,,1.690,1.199
,Bomba Combustivel Corcel 1 E Belina 1 1969 Até 1977,,,,95,31
,Bomba Combustível V-strom Suzuki Dl 650 1000 2008 Á 2016 ,,,,1.490,1.311
,Bomba Combustivel Iveco Daily 2.8 2007 2008 2009 2010 Diesel,,,,315,30
,Bomba Combustivel Hb20 1.0 1.6 2012 Em Diante Magnet Marelli,,,,259,43
,Flange Tampa Bomba Combustível Gm S10 2013 2014 2015 Diesel,,,,129,32
,Bomba Completa Corsa Tanque Chapa 97/99 45 Litros - 10447,,,,390,55
,Baquelite Flange Bomba Gm Chevette Kadett Monza Tds Anos,,,,17,
,Bomba Combustível Jeep Grand Cherokee 3.0 Diesel 2014 A 2019,,,,2.190,1.927
,Bomba De Combustível Com 2 Fios A200 B200 Cla200 Gla200 1.6,,4.0,(1),1.389,139
,Bomba De Combustível Pop 110i 2016 A 2022 Original Magnetron,,4.5,(48),379,337
,Módulo Bomba Combustível Land Rover Discovery Evoque E Pace,,,,2.399,2.159
,Bomba De Combustível Ford Del Rey Cht 1.6 Pampa Cht 1.6,,,,125,107
,Bomba De Combustível Parati Ap 1.6/1.8 Passat Ap 1.5/1.6/1.8,,,,119,101
,Porca Anel Vedação Bomba Combustivel Peugeot 208 1.6 2018 19,,,,54,
,Bomba De Combustível Ford Focus 2.0 Duratec 2008 2009,,,,990,762
,Bomba Combustível Vw Parati Gol Quadrado Ap Santana,,,,119,101
,Suporte Bomba Alta Fusion 2.0 Ecoboost 2013/2020 Original,,,,319,53
,Bomba De Combustível Completa Audi A4 A5 2017 A 2023,,,,1.690,1.402
,Bomba De Combustível Original Vw Polo Virtus T-cross Nivus,,5.0,(1),418,377
,Bomba De Combustivel Completa Para Honda Crv 2012 Em Diante,,,,1.390,1.070
,Copo Da Bomba Combustivel Gol 94.. Uno 94.. Sist Marwal,,,,68,34
,Bomba Combustivel Ymax Univ. 10107 Mercedes Mitsubishi Renau,,,,152,136
,Bomba Combustível Completa Citroen C3 1.4 Flex Refil Bosch,,5.0,(1),750,712
,Bomba De Combustível Para Bmw 325i 330i 335i X1 2005 A 2012,,,,1.347,1.051
,Bomba De Combustível Mercedes A2184700394,,,,1.590,1.097
,Bomba Combustível Cg 150 Titan Fan Mix Flex 2010-2013 C Boia,,5.0,(1),233,209
,Bomba Combustível Elétrica Para Aplicável Johndeere Dz119107,,,,600,60
,Bomba Combustível Peugeot Boxer 2.3 16v Turbo 2013 2014 2015,Por Ymax ,5.0,(1),499,48
,Bomba Elétrica De Combustível Vw Polo Classic 1.8 1999 2000,,5.0,(2),200,19
,Bomba De Combustível Audi Q3 2.0 Tfsi Tiguan 1.4 2.0 Tsi,,,,330,198
,Bomba Combustivel Santana 1.6 1.8 Alcool / Gasolina Brosol,Por FBR Import ,,,109,104
,Bomba De Combustível Para Vw Amarok 2.0 Turbo Diesel,,,,728,72
,Bomba Combustível A250 A45 Cla250 Cla45 Gla250 A2464701694,,,,2.031,1.523
,Bomba Combustível Gasolina Diesel Elétrica Baixa Pressão 12v,Por Ninja Parts SC ,4.6,(1088),149,128
,Bomba Combustivel Mercedes C180 C200 Glc250 A2054704900,,,,2.490,1.967
,Bomba Combustível Hyundai Azera 3.3 Gasolina Completa 07-11,,,,1.890,1.795
,Bomba Combustível Fusca Kombi Brasilia Gasolina 1.3 1.5 1.6,Por LM AutoParts ,4.9,(75),73,64
,Chave P/ Sacar Porca Tampa Da Bomba De Combustível Universal,,4.8,(551),36,
,Bomba De Combustível Elétrica Universal Baixa Pressão 12v,Por Injetec Parts ,,,170,16
,Bomba De Combustível Mercedes Externa 12 Bar Turbo Aspirado,,4.8,(52),179,17
