brand,name,seller,reviews_rating_number,reviews_amount,old_money,new_money
LENOVO,Notebook Lenovo Thinkpad T480 14  I5 8ª 8gb Ssd 256gb,Por Micro Livre ,4.8,(82),1.719,171
LENOVO,Notebook Lenovo Ideapad B330-15ikb I5 8° 8gb Ddr4 240gb Ssd,Por GSOLD ELECTRO ,,,1.899,1.614
ASUS,"Notebook Asus Vivobook Go 15 E510ka Intel Celeron Dual Core N4500 4gb Ram 128gb Emmc Windows 11 Home 15,60 Hd Rosa - Br833ws",,4.6,(346),2.329,1.649
LENOVO,Notebook Lenovo LOQ-e 15iax9e Intel Core i5-12450hx 16gb 512gb Ssd Rtx 3050 Windows 11 15.6 - 83me0007br Luna Grey,Por Mobcom ,4.9,(18),9.510,4.699
ACER,Notebook Acer Aspire 5 Ryzen 7 15.6 Radeon 512gb 8gb Linux,Por Mobcom ,4.9,(426),3.752,2.799
ACER,"Notebook Gamer Acer Nitro V ANV15-51-57WS Intel® Core™ i5-13420H 13ªGeração 512SSD 8GB Nvidia® GeForce® RTX 3050 GDDR6 Linux Gutta 15,6'",Por 123 Comprou ,4.8,(2733),8.165,4.409
,"Notebook Positivo Vision C15 Lumina Bar Celeron, 8GB 128GB eMMC, Tela 15.6"" HD Antirreflexo, Windows 11, Tecla Link, Cinza",Por Positivo ,4.6,(745),3.331,1.709
SAMSUNG,"Notebook Samsung Book 4 I3 1315u 8gb 512gb Ssd 15,6' W11 Pro Cor Grafite",Por Eshop ,4.9,(3637),3.999,2.970
ACER,Notebook Gamer Acer Nitro V Intel Core i7 13ª Geração 16GB 512GB RTX4050 Linux Gutta 15.6' FHD ANV15-51-7037,Por Acer Brasil ,4.8,(1374),7.299,6.399
ACER,Notebook Acer Predator Gamer Phn16-71-72w6 I7-13650hx 16gb 512gb Ssd Rtx 4060 Windows 11 Home Tela 16 Wuxga,Por Acer Brasil ,4.9,(571),10.999,8.599
SAMSUNG,Notebook Samsung Galaxy Book4 Windows 11 Home Intel Core I3 8gb 256gb Ssd 15.6'' Full Hd Led 1.55 Kg Grafite,Por 2Eletro ,4.9,(3637),3.590,2.899
ASUS,Asus Zenbook 14 Oled 2024 Intel Ultra 5 8 Gb De Ram 512 G...,,,,4.583,458
,"Notebook VAIO FE15 Intel Core i5 12th 16GB 512GB SSD Tela 15,6'' Full HD Antirreflexo Windows 11 Home Cinza Grafite B2621H",Por INPOWER ,4.8,(353),5.639,3.699
SAMSUNG,"Notebook Samsung Galaxy Book4 Intel® U300 (1.20 Ghz, até 4.4GHz, 8 MB L3 Cache), Windows 11 Home, 8GB, 256GB SSD, UHD Graphics, 15.6'' Full HD LED, 1.55kg",Por Vikings ,4.8,(5580),3.855,2.799
ACER,"Notebook Acer Aspire 5 Intel Core I5 - 12450H 8GB RAM 256GB SSD Windows 11 Home Tela 15,6"" Full HD A515-57-55B8",Por Mercado Livre ,4.8,(6533),4.117,3.038
LENOVO,"Notebook Lenovo Ideapad 1 Intel Core i3 1215U 8GB RAM 256GB SSD Windows 11 Home Tela 15,6"" 82VY000SBR",Por 123 Comprou ,4.8,(4725),4.715,2.447
ACER,"Notebook Acer Aspire 3 Intel Core I3 - N305, 8G RAM, 256GB SSD, Windows 11 Home, Tela 15,6"" Full HD - A315-510P-34XC 110V/220V",Por Mercado Livre ,4.8,(7875),3.682,2.649
SAMSUNG,"Notebook Samsung Galaxy Book4 Intel® Core™ i5-1335U (1.3 Ghz, até 4.6GHz, 12 MB L3 Cache), Windows 11 Home, 8GB, 512GB SSD, Iris Xe, 15.6'' Full HD LED, 1.55kg",Por Vikings ,4.8,(1037),5.831,3.514
HP,Notebook Hp 256r G9 Intel Core I3-1315u 15.6 Hd Intel Uhd Graphics 256gb Ssd 8gb Ram Windows 11 Home 64 Sl - AN1A2LA#AK4,Por HP ,4.9,(42),3.137,2.659
ASUS,"Notebook ASUS Vivobook Go 15 E1504 AMD RYZEN 5 7520U 8GB Ram 256GB SSD Linux KeepOS 15,6” FHD Black E1504FA-NJ731",Por Mercado Livre ,4.8,(536),2.615,261
SAMSUNG,"Notebook Samsung Galaxy Book Go Snapdragon 7c Kryo 468 Octa-core 4GB RAM 128GB SSD 14"" Full HD W11 com Office 365 NP340XLA-K07BR",,4.7,(786),2.579,1.949
ACER,Notebook Acer Nitro V15 ANV15-51-58AZ Core I5-13420h 8gb 512gb Rtx 3050 Cor Preto,Por Mercado Livre ,4.8,(773),7.398,4.999
,Notebook Positivo Vision C15 Lumina Bar Celeron 4gb 128gb Emmc Tela 15 Hd Antirreflexo Windows 11 Tecla Link Cinza,Por Positivo ,4.6,(2858),1.999,1.553
,Notebook Positivo Vision C14 Lumina BAR Celeron 4GB 128GB eMMC Tela 14 Polegadas HD Antirreflexo Windows 11 Tecla Link – Cinza,Por Positivo ,4.6,(3756),1.799,1.408
SAMSUNG,"Samsung Chromebook 4 Intel Dual-Core 4GB 32GB Tela 11.6"" Prata XE310XBA-KT3BR Google Chrome OS HD LED",Por Webfones ,4.6,(1556),1.699,1.369
ASUS,"Notebook ASUS Vivobook 15 Core I5 1235U 3.3 GHz 8GB Ram 256GB SSD W11 Home Tela 15,6” NanoEdge Full HD Cool Silver X1504ZA-NJ985W",Por Mercado Livre ,4.8,(195),3.199,2.941
ACER,Notebook Acer Aspire 5 A15-51M-54E6 / Intel Core™ i5-13420H de 13ª Geração / 8GB / 512SSD / Windows 11 Home / 15.6” Full HD,Por Acer Brasil ,4.9,(171),3.599,3.099
ASUS,"Notebook Asus Vivobook Go 15 E1504fa Amd Ryzen 5 7520u 16gb Ram 512gb Ssd Linux Keepos Tela 15,6 Led Fhd Black - Nj1288",Por Asus ,4.7,(83),3.599,2.850
ACER,Notebook Acer Gamer Nitro V15 Intel Core I7 13ª Ger. 16gb 512ssd Rtx3050 Com 6gb Gddr6 Nvidia Geforce Linux Gutta ANV15-51-73E9,Por Vikings ,4.8,(122),9.998,5.794
ASUS,Notebook Asus Tuf Gaming Rtx3050 Core I5 16gb 512ssd W11,Por Mercado Livre ,4.9,(167),6.499,5.999
HP,Notebook Hp 256r G9 Intel Core I5-1335u 15.6 Hd Intel® Iris Xe Graphics 256gb Ssd 16gb Ram Windows 11 Home Pls Sl- Ay6z5la#ak4,Por HP ,4.9,(66),3.803,3.324
DELL,Notebook Dell Inspiron I15-i120k-a10p 15.6 I3 8gb 256gb W11,Por Mercado Livre ,4.8,(1024),3.149,2.991
,"Notebook Positivo Duo 2 em 1 Intel Celeron C4128B-3 4GB 128GB 11,6"" IPS HD Windows 11",,4.5,(4167),1.399,135
SAMSUNG,"Notebook Samsung Galaxy Book4, Windows 11 Home, Intel® Core I5, 8gb, 256gb Ssd, 15.6'' Full Hd Led, 1.55 Kg - Grafite",Por 2Eletro ,4.9,(1164),4.598,3.379
ASUS,"Notebook ASUS Vivobook 15 X1504ZA Intel Core i5 1235U 8GB Ram 512GB SSD Windows 11 Tela 15,6"" FHD Blue - NJ987W",Por Fast Shop ,4.9,(388),3.127,312
,"Notebook Positivo Vision I15 Lumina Bar I3-n300, 8gb 256gb Ssd, Tela 15 Polegadas Full Hd Antirreflexo Linux - Preto",Por 123 Comprou ,4.9,(7),4.499,2.069
ACER,"Notebook Acer Aspire 15 73wh Intel Ci7 13620H 13ªGen GB RAM 512GB SSD Fhd 15.6"" 64-Bits (Debian)",Por Acer Brasil ,4.5,(50),4.299,3.599
,Notebook Positivo Vision C14 Lumina Bar Celeron 8gb 256gb Emmc Tela 14 Polegadas Hd Antirreflexo Linux Tecla Link - Cinza,Por Positivo ,4.5,(265),2.099,1.351
DELL,Notebook Dell 15.6 Fhd I5 8gb 512gb Ssd Rtx 3050,Por Mercado Livre ,4.6,(27),5.999,5.699
ACER,Notebook Acer Aspire 15 A15-51M-56KR / Intel® Core™ i5-13420H 13ª geração / 16 GB / 512SSD / 15.6” Full HD,Por Acer Brasil ,4.8,(186),3.599,3.099
,"Notebook Positivo Vision R15 Lumina Bar, Amd Ryzen 7 32gb 512gb, Tela 15 Polegadas Full Hd Antirreflexo, Linux - Preto",Por Positivo ,4.7,(20),4.299,3.035
ACER,Notebook Acer Gamer Nitro V15 Intel Core i7 13ª Ger. 32GB 512SSD RTX3050 com 6GB GDDR6 Nvidia GeForce Linux Gutta ANV15-51-73BP,Por Vikings ,4.9,(108),10.498,6.299
ACER,"Notebook Gamer Acer Nitro V15 I7-13620h 13ªGen 8gb 512gb Rtx3050 6gb Linux 15.6"" FHD Preto - Anv15-51-7837",Por INPOWER ,3.5,(6),7.599,5.399
ASUS,"Notebook Gamer ASUS TUF Gaming A15 AMD Ryzen 7 7435HS 3,1 GHz RTX3050 16GB RAM 512GB SSD Windows 11 Home Tela 15,6 144Hz IPS FHD Graphite Black - FA506NCR-HN088W",Por Mercado Livre ,5.0,(14),6.499,5.899
ASUS,Notebook Asus Vivobook 16 Intel Core I7 1355U 16GB RAM 1TB SSD Windows 11 Home Tela 16 Fhd Cool Silver – X1605VA-MB764W,Por Facini Informatica ,4.8,(105),5.129,512
,"Notebook VAIO FE15 Intel Core i5 11th, 16GB 512GB SSD, Tela 15,6'' Full HD Antirreflexo, Linux - Cinza Grafite, VJFE55F11XB0611H",,4.5,(129),3.663,3.349
LENOVO,"Notebook Lenovo IdeaPad 1 15IAU7 Intel Core i7-1255U HD 15.6"" Intel Iris Xe 512GB SSD 12GB RAM Windows 11- 82VY000PBR",Por Mobcom ,4.7,(214),5.151,3.999
,Notebook Vaio Fe 16 Amd Ryzen 5-5625u Linux 8gb 256gb Ssd Tela 16 Ips Wuxga Antireflexo - Cinza Grafite - Vjfe69f11x-b0411h,Por 123 Comprou ,,,4.998,2.789
ASUS,"Notebook ASUS Vivobook 15 M1502YA AMD Ryzen 7 7730U 8GB Ram 512GB SSD Linux KeepOS 15,6"" FHD Cool Silver - NJ494",Por Mercado Livre ,5.0,(6),3.599,3.131
,Notebook VAIO FE16 Amd Ryzen 7 - 5700u Linux 16gb 512gb Ssd Tela 16 Ips Wuxga Antirreflexo - Cinza Grafite - Vjfe69f11xb0811h,Por Vaio ,4.2,(5),4.599,3.485
ACER,"Notebook Acer Aspire 5 A515-45-R5AT AMD Ryzen 5 5500U 15.6""AMD Radeon Graphics 256GB SDD 8GB RAM Windows 11",Por INPOWER ,4.9,(175),4.129,3.199
LENOVO,"Notebook Lenovo Ideapad 1 Intel Core i3 1215U 8GB RAM 256GB SSD Windows 11 Home Tela 15,6"" 82VY000SBR",Por 123 Comprou ,4.8,(4725),4.715,2.447
LENOVO,Notebook Lenovo LOQ-e 15iax9e Intel Core i5-12450hx 16gb 512gb Ssd Rtx 3050 Windows 11 15.6 - 83me0007br Luna Grey,Por Mobcom ,4.9,(18),9.510,4.699
,Notebook Positivo Vision C14 Lumina BAR Celeron 4GB 128GB eMMC Tela 14 Polegadas HD Antirreflexo Windows 11 Tecla Link – Cinza,Por Positivo ,4.6,(3756),1.799,1.408
ASUS,"Notebook ASUS Vivobook 15 Core I5 1235U 3.3 GHz 8GB Ram 256GB SSD W11 Home Tela 15,6” NanoEdge Full HD Cool Silver X1504ZA-NJ985W",Por Mercado Livre ,4.8,(195),3.199,2.941
ACER,Notebook Acer Aspire 15 555Q Intel Ci5 13gen 8gb 256ssd W11,Por Mercado Livre ,4.8,(257),4.372,3.059
,"Notebook VAIO FE15, Intel® Core i5 11th, 8GB 512GB SSD, Tela 15,6'' Full HD Antirreflexo, Linux - Cinza Grafite, VJFE55F11XB0221H",,4.8,(4),3.509,2.999
LENOVO,Notebook Lenovo V14 Amd R5 7520u 8gb 256gb Ssd W11 Pro Preto,Por 2Eletro ,,,4.110,2.969
ASUS,"Notebook Asus Vivobook Go 15 E1504ga Intel Core I3 N305 4gb Ram 128gb Ssd Windows 11 Tela 15,6 Fhd Silver - Nj440w",Por TNT Info ,4.8,(280),2.526,252
SAMSUNG,Notebook Samsung Galaxy Book4 Windows 11 Home Intel Core I3 8gb 256gb Ssd 15.6'' Full Hd Led 1.55 Kg Grafite,Por 2Eletro ,4.9,(3637),3.590,2.899
HP,Notebook Hp Probook 440 G9 Intel Core I3-1215u 14 Intel Uhd 256gb 8gb Ram Windows 11 Pro- 839y2la#ak4,Por HP ,4.8,(8),3.099,297
,"Notebook Positivo Vision C15 Lumina Bar Celeron, 8GB 128GB eMMC, Tela 15.6"" HD Antirreflexo, Windows 11, Tecla Link, Cinza",Por Positivo ,4.6,(745),3.331,1.709
,"Notebook Ultra, Linux, 15,6 Pol. HD, Intel Celeron, 240GB SSD/ 8GB RAM, Cinza Escovado - UB262",Por Loja Multi ,4.6,(67),1.699,1.529
ASUS,"Notebook Asus Vivobook Go 15 E1504fa Amd Ryzen 5 7520u 16gb Ram 512gb Ssd Linux Keepos Tela 15,6 Led Fhd Black - Nj1288",Por Asus ,4.7,(83),3.599,2.850
DELL,"Notebook Latitude 3420 14"" preto 8GB de Ram - 256GB SSD - Intel Core i5 - Excelente (Recondicionado)",Por Micro Livre ,,,2.632,263
SAMSUNG,"Samsung Galaxy Chromebook Go Intel Celeron N4500, 4gb, 32gb Cor Cinza",Por NegociuN ,4.5,(32),1.861,1.329
ACER,Acer Predator Helios Neo PHN16-72-99MY Intel Ci9 14g 32gb 1ssd Rtx4070 W11 Cor Preto,Por Acer Brasil ,,,14.999,12.299
ASUS,Notebook Asus Rog Strix G16 Core I9 16gb 512ssd W11 Rtx 4060 Cor Cinza,Por Mercado Livre ,4.8,(38),12.500,11.411
,Notebook Multi Ultra Celeron N4020c 4gb 128gb W11 14'' Cinza,Por 123 Comprou ,4.6,(183),2.531,1.259
ASUS,"Notebook Asus Vivobook Go 15 E510ka Intel Celeron Dual Core N4500 4gb Ram 128gb Emmc Windows 11 Home 15,60 Hd Rosa - Br833ws",,4.6,(346),2.329,1.649
SAMSUNG,"Samsung Galaxy Chromebook Go Intel Celeron N4500, 4gb, 32gb Cor Cinza",Por NegociuN ,4.5,(32),1.861,1.329
ASUS,Notebook Asus Tuf Gaming Rtx3050 Core I5 16gb 512ssd W11,Por Mercado Livre ,4.9,(167),6.499,5.999
ASUS,Notebook Asus Vivobook Go Core I3 N305 4gb 256ssd W11 Fhd,Por Mercado Livre ,4.8,(475),2.599,259
HP,Notebook Hp 256r G9 Intel Core I5-1335u 15.6 Hd Intel® Iris Xe Graphics 256gb Ssd 16gb Ram Windows 11 Home Pls Sl- Ay6z5la#ak4,Por HP ,4.9,(66),3.803,3.324
ACER,Notebook Gamer Predator Helios Neo / Phn16-72-74vx / Intel® Core I7-14700hx De 14ªgeração / 16gb / 512ssd / Windows 11 Home / Nvidia Geforce Rtx 4070 Gddr6 / Tela 16,Por Acer Brasil ,4.8,(54),12.999,10.299
LENOVO,"Notebook Lenovo IdeaPad 1i Intel Core i3-1215U 4GB 256GB SSD Windows 11 Home 15.6"" 82VY000UBR Com 2 Anos Premium Care",Por Carrefour ,4.7,(37),2.999,2.599
ACER,"Notebook Acer Aspire 5 A515-45-R5AT AMD Ryzen 5 5500U 15.6""AMD Radeon Graphics 256GB SDD 8GB RAM Windows 11",Por INPOWER ,4.9,(175),4.129,3.199
,Notebook Vaio Fe 16 Amd Ryzen 5 - 5625u Linux 12gb 512gb Ssd Tela 16 Ips Wuxga Antirreflexo - Cinza Grafite - Vjfe69f11x-b1211h,Por Eshop ,,,3.899,3.220
ASUS,"Notebook ASUS Vivobook 15 X1504ZA Intel Core i5 1235U 8GB Ram 512GB SSD Windows 11 Tela 15,6"" FHD Blue - NJ987W",Por Fast Shop ,4.9,(388),3.127,312
ACER,Notebook Acer Aspire 5 A515-45-r0xr Ryzen7 8gb 256gb Ssd 15.6 Full Hd Linux Gutta,,4.8,(447),2.753,275
ACER,"Notebook Acer Aspire 15 73wh Intel Ci7 13620H 13ªGen GB RAM 512GB SSD Fhd 15.6"" 64-Bits (Debian)",Por Acer Brasil ,4.5,(50),4.299,3.599
,Notebook Positivo Vision C14 Lumina Bar Celeron 8gb 256gb Emmc Tela 14 Polegadas Hd Antirreflexo Linux Tecla Link - Cinza,Por Positivo ,4.5,(265),2.099,1.351
DELL,Notebook Dell 15.6 Fhd I5 8gb 512gb Ssd Rtx 3050,Por Mercado Livre ,4.6,(27),5.999,5.699
ACER,Notebook Acer Aspire 15 A15-51M-56KR / Intel® Core™ i5-13420H 13ª geração / 16 GB / 512SSD / 15.6” Full HD,Por Acer Brasil ,4.8,(186),3.599,3.099
ACER,"Notebook Aspire 5 A515-57-58w1 I5 Linux 8gb 256gb 15,6' Fhd",Por Acer Brasil ,4.8,(45),2.999,299
LENOVO,"Notebook Lenovo Ideapad 1i Intel Core i5 - 1235U, 8GB RAM, 512GB SSD, Windows 11 Home, Tela 15,6'' HD - 82VY000QBR",,4.8,(3784),2.843,284
,"Notebook Positivo Vision R15 Lumina Bar, Amd Ryzen 7 32gb 512gb, Tela 15 Polegadas Full Hd Antirreflexo, Linux - Preto",Por Positivo ,4.7,(20),4.299,3.035
ACER,Notebook Gamer Nitro V15 Anv15-51-57ws I5 Lx 8gb 512gb Ssd,Por Acer Brasil ,4.8,(318),5.299,4.899
LENOVO,"Ultrabook Lenovo ThinkPad L14 preto 14"", AMD AMD Ryzen 5 PRO 4650U 4650U 8 GB de RAM 256 GB SSD, AMD Radeon Graphics 60 Hz 1366x768px Windows 10 Pro",Por Itotal ,5.0,(5),4.223,3.378
ACER,Notebook Acer Aspire 3 A315-510p-34xc Intel Core I3 8gb,Por Carrefour ,,,3.299,2.699
DELL,Laptop Dell Vostro 3401 Core I5 ​​​​de 10ª geração 8 GB 256 GB SSD de 14 polegadas - Excelente (Recondicionado),Por Tech Forte ,,,2.399,239
ACER,Notebook Acer Aspire 54e6 Ci5 13ªg 8gb 512ssd W11 Home 15.6,Por Acer Brasil ,5.0,(9),3.599,3.299
ASUS,"Notebook ASUS Vivobook Go E1504FA AMD Ryzen 5 7520U 8GB Ram 256GB SSD Windows 11 Tela 15,6"" FHD Black - NJ825W",,4.9,(83),2.693,258
,Notebook VAIO FE16 Amd Ryzen 7 - 5700u Linux 16gb 512gb Ssd Tela 16 Ips Wuxga Antirreflexo - Cinza Grafite - Vjfe69f11xb0811h,Por Vaio ,4.2,(5),4.599,3.485
LENOVO,Notebook Lenovo Ideapad 1 15iau7 Intel Core I5-1235u 8gb,Por Carrefour ,5.0,(6),3.699,3.099
DELL,"Dell Latitude 3400 Core I5 8265u 8gb Ssd 256gb, Win 11 Pro",,5.0,(1),1.799,179
HP,Notebook Hp 256r G9 Intel Core I5-1335u 15.6 Hd Intel Uhd Graphics 256gb Ssd 8gb Ram Windows 11 Home 64 Sl- Ay6z4la#ak4,Por HP ,4.8,(73),3.803,3.134
SAMSUNG,"Notebook Samsung Book 4 I3 1315u 8gb 512gb Ssd 15,6' W11 Pro",Por Eshop ,5.0,(4),4.030,2.944
ASUS,"Notebook ASUS VivoBook Go 15 AMD Ryzen 5 7520U 8GB 512GB SSD KeepOS Tela 15,6"" FHD Mixed Black - E1504FA-NJ732",Por Asus ,4.8,(881),3.099,2.618
ACER,Notebook Predator 99my Intel Ci9 14ªg 32gb 1ssd Rtx4070 W11,Por Acer Brasil ,,,14.999,12.299
SAMSUNG,"Samsung Chromebook 4 Intel Celeron N4020 4GB 64GB Tela 11.6"" Prata XE310XBA-KT4BR",,4.5,(191),1.899,1.433
,Notebook Positivo Vision C14 Intel® Celeron® Linux 4GB 128GB eMMC 14” HD Lumina BAR – Cinza,,4.6,(3756),1.649,158
ASUS,"Notebook Asus Vivobook 15 X1504za Intel Core I5 1235u 16gb Ram 512gb Ssd Linux Keepos Tela 15,60 Fhd Quiet Blue - Nj931",Por Asus ,4.8,(215),3.799,3.185
ASUS,"Notebook ASUS Vivobook Go 15 E1504FA-NJ836W AMD Ryzen 5 7520U 2,8 GHz 8GB 512GB SSD Windows 11 Home 15,6"" Full Hd Preto",,4.8,(355),2.736,262
ACER,"Notebook Acer Aspire 3 Intel Core i3– N305 FHD 15.6"" LED TN UHD para processadores Inte 256GB SDD 8GB RAM Debian 64 bits Prata - A315-510P-320B",Por Mobcom ,4.8,(210),4.522,2.499
LENOVO,"Notebook Lenovo Ideapad 1i Intel Core i3 1215U 4GB 256GB Linux 15,6"" HD 82VYS00600",,4.8,(4725),3.500,3.010
ACER,Notebook Acer Aspire 56kr Intel Ci5 13ªg 16gb 512ssd 15.6,Por Acer Brasil ,4.8,(13),3.599,3.299
